group,ad_count,lead_count,lead_rate
A,94281,68653,0.7281742875022539
B,80168,59999,0.748415826763796
NULL,8613,6400,0.7430628120283292
